pecha_id,start,end_exclusive
I001D528B,160,259
I001D528B,261,299
I001D528B,4415,4447
I001D528B,9561,9592
I001D528B,15292,15328
I001D528B,21065,21084
I001D528B,22341,22365
I001D528B,29412,29468
I001D528B,39889,39928
I001D528B,47909,47950
I001D528B,60112,60147
I001D528B,75323,75376
I001D528B,78266,78295
I001D528B,81337,81384
I001D528B,119834,119862
I001D528B,130786,130818
I001D528B,142484,142542
I001D528B,156584,156621
I001D528B,165517,165558
I001D528B,173636,173686
I001D528B,184101,184148
I001D528B,188944,188982
I0156A8B1,57,170
I048844DB,60,131
I058DD999,128,148
I058DD999,150,173
I058DD999,2535,2592
I058DD999,5266,5325
I058DD999,19269,19338
I058DD999,21153,21186
I058DD999,22602,22625
I058DD999,23942,23985
I058DD999,24821,24852
I058DD999,25485,25514
I058DD999,26339,26361
I058DD999,26363,26477
I058DD999,26480,26539
I058DD999,37468,37543
I058DD999,45457,45604
I058DD999,64438,64484
I058DD999,74041,74065
I058DD999,83966,83997
I058DD999,85159,85183
I058DD999,85185,85224
I058DD999,88511,88536
I058DD999,90070,90086
I058DD999,90559,90576
I058DD999,91254,91280
I058DD999,91669,91695
I058DD999,103317,103354
I058DD999,103356,103389
I058DD999,125667,125706
I058DD999,134534,134576
I058DD999,139273,139308
I058DD999,139309,139336
I058DD999,140516,140557
I058DD999,141787,141847
I058DD999,142995,143113
I058DD999,145136,145179
I058DD999,146008,146047
I058DD999,147013,147042
I058DD999,147542,147571
I058DD999,148332,148474
I058DD999,150363,150420
I058DD999,151537,151632
I058DD999,153373,153434
I058DD999,155670,155705
I058DD999,156661,156687
I058DD999,156689,156711
I058DD999,160622,160654
I058DD999,164073,164101
I069801F1,920,956
I069801F1,13828,13889
I069801F1,19325,19386
I069801F1,28845,28883
I069801F1,39268,39333
I069801F1,41735,41791
I07240379,111,241
I07240379,274,352
I07240379,354,427
I07240379,474,580
I07240379,619,675
I07240379,708,755
I07240379,788,838
I07240379,868,874
I07240379,3053,3070
I07240379,9922,10068
I07240379,20229,20312
I07240379,90589,90640
I07240379,99697,99769
I07240379,139327,139345
I07ECF0AE,125,135
I07ECF0AE,598,626
I07ECF0AE,4987,4993
I07ECF0AE,5036,5066
I07ECF0AE,5068,5099
I07ECF0AE,5148,5194
I07ECF0AE,5196,5220
I07ECF0AE,5413,5468
I07ECF0AE,5470,5485
I07ECF0AE,5851,5853
I07ECF0AE,7378,7380
I07ECF0AE,7995,7997
I07ECF0AE,9362,9364
I07ECF0AE,9914,9916
I07ECF0AE,10616,10618
I07ECF0AE,11243,11245
I07ECF0AE,11646,11648
I07ECF0AE,12478,12480
I07ECF0AE,13486,13488
I07ECF0AE,14031,14033
I07ECF0AE,14998,15000
I07ECF0AE,15700,15702
I07ECF0AE,16183,16185
I07ECF0AE,16843,16845
I07ECF0AE,17220,17222
I07ECF0AE,17759,17761
I07ECF0AE,18557,18559
I07ECF0AE,19138,19140
I07ECF0AE,19487,19489
I07ECF0AE,19568,19570
I07ECF0AE,20088,20090
I07ECF0AE,20567,20569
I07ECF0AE,20632,20634
I07ECF0AE,20838,20840
I07ECF0AE,20983,20985
I07ECF0AE,21090,21092
I07ECF0AE,21511,21513
I07ECF0AE,22424,22426
I07ECF0AE,22602,22604
I07ECF0AE,22746,22762
I07ECF0AE,24384,24400
I07ECF0AE,28442,28504
I07ECF0AE,32619,32621
I07ECF0AE,36411,36413
I07ECF0AE,37787,37789
I07ECF0AE,40967,40969
I07ECF0AE,41968,41970
I07ECF0AE,43272,43274
I07ECF0AE,44546,44548
I07ECF0AE,45320,45322
I07ECF0AE,47023,47025
I07ECF0AE,48867,48869
I07ECF0AE,50036,50038
I07ECF0AE,52057,52059
I07ECF0AE,53318,53320
I07ECF0AE,54297,54299
I07ECF0AE,55834,55836
I07ECF0AE,56878,56880
I07ECF0AE,57939,57941
I07ECF0AE,59322,59324
I07ECF0AE,60356,60358
I07ECF0AE,60916,60918
I07ECF0AE,61202,61204
I07ECF0AE,62281,62283
I07ECF0AE,63435,63437
I07ECF0AE,63630,63632
I07ECF0AE,64334,64336
I07ECF0AE,64678,64680
I07ECF0AE,65062,65064
I07ECF0AE,65859,65861
I07ECF0AE,67605,67607
I07ECF0AE,68055,68057
I07ECF0AE,68365,68382
I07ECF0AE,75453,75471
I07ECF0AE,92505,92513
I07ECF0AE,92515,92582
I08405360,159,280
I0B81CD66,152,158
I0B81CD66,346313,346331
I0FCFA88F,0,51
I0FCFA88F,476,482
I0FCFA88F,5723,5740
I0FCFA88F,11321,11422
I0FCFA88F,90440,90561
I0FCFA88F,122360,122414
I0FCFA88F,237784,237802
I0FE9ED9E,117,190
I100E7DAD,150,156
I100E7DAD,6729,6746
I100E7DAD,13047,13097
I100E7DAD,340743,340761
I10C4C4B5,127,219
I130B5D0F,68,119
I130B5D0F,463,473
I130B5D0F,14469,14478
I130B5D0F,19328,19348
I130B5D0F,24972,24995
I130B5D0F,28979,29003
I130B5D0F,29928,29955
I130B5D0F,33741,33763
I130B5D0F,48537,48563
I130B5D0F,61405,61426
I130B5D0F,64142,64169
I1561B2F5,122,195
I163178A0,126,252
I1649804C,92,138
I19A08A51,149,298
I1CC06C39,138,241
I1DCBD5CC,133,139
I1DCBD5CC,1149,1206
I2133CA39,0,51
I2133CA39,53,71
I2133CA39,73,171
I2133CA39,173,216
I2133CA39,218,224
I2133CA39,9265,9282
I2133CA39,14894,14980
I2133CA39,298579,298597
I2342D649,231,406
I24EDBDA0,0,51
I24EDBDA0,72,202
I24EDBDA0,234,240
I24EDBDA0,2868,2885
I24EDBDA0,557275,557293
I2522EBB0,5744,5773
I2522EBB0,14801,14836
I2522EBB0,18738,18770
I2522EBB0,22159,22195
I25463E37,0,45
I25463E37,382,411
I25463E37,2233,2321
I25463E37,3963,4046
I25463E37,6939,6973
I25463E37,13947,14016
I25463E37,15096,15135
I25463E37,18374,18392
I25463E37,19964,20007
I25463E37,30625,30717
I25463E37,39976,40022
I25463E37,44112,44146
I25463E37,75736,75784
I25463E37,146887,146932
I27E347E9,0,51
I27E347E9,53,72
I27E347E9,74,243
I27E347E9,245,284
I27E347E9,2972,2989
I27E347E9,401760,401778
I27F687A4,46382,46469
I27F687A4,86125,86207
I29CFF9F3,0,103
I29CFF9F3,145,249
I29E8AA65,146,209
I29E8AA65,243,294
I29E8AA65,296,372
I29E8AA65,404,410
I29E8AA65,2664,2695
I29E8AA65,2696,2713
I29E8AA65,56275,56318
I29E8AA65,72563,72608
I29E8AA65,84288,84325
I29E8AA65,87950,87982
I29E8AA65,151767,151838
I29E8AA65,170817,170843
I29E8AA65,172329,172369
I29E8AA65,190054,190082
I29E8AA65,192516,192560
I29E8AA65,192784,192818
I29E8AA65,194113,194153
I29E8AA65,195161,195192
I29E8AA65,198853,198881
I29E8AA65,206092,206112
I29E8AA65,210190,210207
I29E8AA65,212985,213001
I29E8AA65,218308,218334
I29E8AA65,220518,220542
I29E8AA65,221299,221319
I29E8AA65,225369,225388
I29E8AA65,227229,227255
I29E8AA65,229411,229433
I29E8AA65,250076,250120
I29E8AA65,254933,254978
I29E8AA65,261265,261296
I29E8AA65,265347,265385
I29E8AA65,268729,268747
I2B02A144,210,217
I2B02A144,2873,2890
I2B02A144,557472,557490
I2BC62A6F,79,120
I2D0F4FAF,110,162
I2D96E5C8,185,191
I2D96E5C8,8981,8998
I2D96E5C8,14298,14433
I2D96E5C8,569284,569302
I2E02CF4A,182,245
I2E52374B,137,228
I2EAAF38A,111,121
I2EAAF38A,579,608
I2EAAF38A,1320,1326
I2EAAF38A,1327,1337
I2EAAF38A,1339,1367
I2EAAF38A,1396,1452
I2EAAF38A,1454,1470
I2EAAF38A,1471,1484
I2EAAF38A,1486,1512
I2EAAF38A,1514,1527
I2EAAF38A,1529,1544
I2EAAF38A,1545,1558
I2EAAF38A,1560,1577
I2EAAF38A,1579,1614
I2EAAF38A,1616,1633
I2EAAF38A,1635,1663
I2EAAF38A,1665,1678
I2EAAF38A,1680,1709
I2EAAF38A,1711,1750
I2EAAF38A,1752,1790
I2EAAF38A,1792,1835
I2EAAF38A,1837,1864
I2EAAF38A,1866,1893
I2EAAF38A,1895,1929
I2EAAF38A,1931,1977
I2EAAF38A,1979,1992
I2EAAF38A,1994,2009
I2EAAF38A,2011,2059
I2EAAF38A,2061,2097
I2EAAF38A,2099,2136
I2EAAF38A,2138,2186
I2EAAF38A,2188,2204
I2EAAF38A,2205,2224
I2EAAF38A,2225,2252
I2EAAF38A,2254,2271
I2EAAF38A,2273,2325
I2EAAF38A,2327,2352
I2EAAF38A,2354,2379
I2EAAF38A,2381,2417
I2EAAF38A,2419,2428
I2EAAF38A,2430,2440
I2EAAF38A,2442,2467
I2EAAF38A,2469,2489
I2EAAF38A,2491,2504
I2EAAF38A,2506,2533
I2EAAF38A,2535,2560
I2EAAF38A,2562,2597
I2EAAF38A,2599,2622
I2EAAF38A,2624,2658
I2EAAF38A,2660,2686
I2EAAF38A,2688,2720
I2EAAF38A,2722,2766
I2EAAF38A,2768,2803
I2EAAF38A,2805,2843
I2EAAF38A,2845,2865
I2EAAF38A,2867,2908
I2EAAF38A,2910,2952
I2EAAF38A,2954,2975
I2EAAF38A,2977,2996
I2EAAF38A,2998,3018
I2EAAF38A,3020,3053
I2EAAF38A,3055,3070
I2EAAF38A,3072,3090
I2EAAF38A,3092,3123
I2EAAF38A,3125,3180
I2EAAF38A,3182,3234
I2EAAF38A,3236,3300
I2EAAF38A,3302,3315
I2EAAF38A,3317,3334
I2EAAF38A,3336,3365
I2EAAF38A,3367,3387
I2EAAF38A,3389,3411
I2EAAF38A,3413,3452
I2EAAF38A,3454,3507
I2EAAF38A,3509,3524
I2EAAF38A,3526,3536
I2EAAF38A,3538,3568
I2EAAF38A,3570,3614
I2EAAF38A,3616,3626
I2EAAF38A,3628,3648
I2EAAF38A,3650,3690
I2EAAF38A,3692,3740
I2EAAF38A,3742,3773
I2EAAF38A,3775,3818
I2EAAF38A,3820,3845
I2EAAF38A,3847,3875
I2EAAF38A,3877,3896
I2EAAF38A,3898,3944
I2EAAF38A,3946,4017
I2EAAF38A,4019,4051
I2EAAF38A,4053,4135
I2EAAF38A,4137,4179
I2EAAF38A,4181,4225
I2EAAF38A,4227,4259
I2EAAF38A,4261,4310
I2EAAF38A,4312,4325
I2EAAF38A,4327,4342
I2EAAF38A,4344,4371
I2EAAF38A,4373,4389
I2EAAF38A,4391,4411
I2EAAF38A,4413,4432
I2EAAF38A,4434,4478
I2EAAF38A,4480,4495
I2EAAF38A,4497,4510
I2EAAF38A,4512,4538
I2EAAF38A,4540,4566
I2EAAF38A,4568,4591
I2EAAF38A,4593,4613
I2EAAF38A,4615,4652
I2EAAF38A,4654,4691
I2EAAF38A,4693,4734
I2EAAF38A,4736,4784
I2EAAF38A,4786,4835
I2EAAF38A,4837,4879
I2EAAF38A,4881,4923
I2EAAF38A,4925,4966
I2EAAF38A,4968,4982
I2EAAF38A,4984,5009
I2EAAF38A,5011,5058
I2EAAF38A,5060,5108
I2EAAF38A,5110,5169
I2EAAF38A,5171,5235
I2EAAF38A,5237,5296
I2EAAF38A,5298,5313
I2EAAF38A,5314,5346
I2EAAF38A,5348,5375
I2EAAF38A,5377,5401
I2EAAF38A,5403,5417
I2EAAF38A,5419,5433
I2EAAF38A,5435,5482
I2F35E7CC,2956,3024
I319DAFF7,177,308
I31F3338B,69,188
I32431963,57,96
I330D366C,76,201
I330D366C,10283,10297
I330D366C,17341,17355
I330D366C,25854,25867
I330D366C,35728,35740
I330D366C,45890,45904
I330D366C,51770,51784
I330D366C,59419,59434
I330D366C,66828,66841
I330D366C,73797,73810
I330D366C,84313,84331
I330D366C,88873,88891
I330D366C,94441,94459
I330D366C,99718,99735
I330D366C,104135,104151
I330D366C,110777,110795
I330D366C,122828,122846
I33763376,115,179
I340B9EC1,72,189
I344D2A4C,52,157
I36A7A668,170,187
I36A7A668,131864,131942
I36A7A668,241548,241599
I36A7A668,255482,255533
I36A7A668,261474,261509
I36A7A668,267486,267525
I36A7A668,274692,274733
I36A7A668,276959,276972
I36A7A668,301992,302021
I36A7A668,356419,356442
I36A7A668,358678,358696
I3B871A64,145,239
I3D257F64,127,208
I3D6910F9,280,440
I3F4A91F5,112,174
I3F4A91F5,212,257
I3F4A91F5,304,351
I3F4A91F5,381,484
I3F4A91F5,518,524
I3F4A91F5,5851,5868
I3F4A91F5,10377,10444
I3F4A91F5,81615,81665
I3F4A91F5,186163,186215
I3F4A91F5,204044,204152
I3F4A91F5,329484,329502
I40E5024E,237,254
I40E5024E,3123,3207
I40E5024E,3877,3945
I40E5024E,5113,5168
I40E5024E,8677,8728
I40E5024E,9562,9636
I40E5024E,13711,13771
I40E5024E,15983,16017
I40E5024E,18677,18718
I40E5024E,19639,19676
I40E5024E,23433,23458
I40E5024E,25207,25235
I40E5024E,120897,120920
I40E5024E,126737,126765
I40E5024E,131898,131925
I40E5024E,142310,142401
I40E5024E,197072,197090
I41DA990D,51,116
I4232A561,113,177
I44B84506,187,217
I44B84506,219,286
I44B84506,1115,1132
I44B84506,12521,12539
I44B84506,24004,24022
I44B84506,35051,35068
I44B84506,39315,39331
I44B84506,43088,43106
I44B84506,50876,50894
I44B84506,57316,57335
I44B84506,63525,63542
I44B84506,71779,71797
I44B84506,78379,78400
I44B84506,82138,82159
I44B84506,88489,88510
I44B84506,94834,94854
I44B84506,98661,98681
I44B84506,106019,106040
I44B84506,110364,110385
I44B84506,113575,113597
I44B84506,120517,120537
I44B84506,126209,126227
I44B84506,130290,130311
I44B84506,138442,138463
I44B84506,147558,147579
I44B84506,150595,150615
I44B84506,161012,161032
I44B84506,167124,167145
I44B84506,174584,174605
I44B84506,178215,178237
I44B84506,181698,181718
I44B84506,186041,186062
I45222122,85,127
I454D2699,205,308
I4A6AC1AA,80,121
I4ABDA91A,5,153
I4ABDA91A,191,303
I4ABDA91A,305,469
I4B1806B4,132,149
I4B1806B4,1752,1758
I4B1806B4,2447,2503
I4B1806B4,203826,203893
I4BECA32D,136,235
I4C242C84,5743,5768
I4C242C84,7625,7658
I4C242C84,10660,10693
I4C242C84,11595,11618
I4C242C84,12325,12358
I4C242C84,14383,14426
I4C242C84,19390,19420
I4C242C84,23811,23843
I4C242C84,28040,28072
I4C242C84,29940,29968
I4C242C84,32401,32442
I4C242C84,33519,33554
I4C242C84,34817,34836
I4C242C84,34838,34868
I4C242C84,45256,45294
I4C242C84,46862,46947
I4C242C84,49395,49438
I4C242C84,56761,56790
I4C242C84,58440,58527
I4C242C84,64408,64485
I4C242C84,73278,73325
I4C242C84,82092,82139
I4C242C84,89218,89292
I4C242C84,97087,97171
I4C242C84,102281,102316
I4C242C84,106570,106624
I4C242C84,110678,110727
I4C242C84,116571,116610
I4C242C84,124012,124074
I4C242C84,133275,133339
I4C242C84,143168,143257
I4C242C84,146117,146238
I4C242C84,151004,151069
I4C242C84,162878,162918
I4C242C84,163779,163850
I4C242C84,170030,170096
I4C242C84,173832,173882
I4C242C84,181373,181422
I4C242C84,192865,192905
I4C242C84,195208,195259
I4C242C84,203210,203245
I4C242C84,206098,206153
I4C242C84,209430,209484
I4C242C84,213324,213378
I4C242C84,217425,217504
I4C242C84,220606,220670
I4C242C84,230505,230545
I4C242C84,236940,237029
I4C242C84,239494,239531
I4C242C84,244266,244332
I4C242C84,255444,255513
I4C242C84,257409,257454
I4C242C84,263840,263869
I4C242C84,271884,271955
I4C242C84,272963,273007
I4C242C84,277477,277495
I4C242C84,277497,277541
I4C242C84,279132,279161
I4C242C84,281982,282013
I4C242C84,288718,288797
I4C242C84,297484,297545
I4C242C84,300404,300457
I4C242C84,306764,306823
I4C242C84,307669,307698
I4C242C84,311093,311111
I4C242C84,311471,311499
I4C242C84,311929,311971
I4C242C84,312909,312958
I4C242C84,314656,314705
I4C242C84,318094,318169
I4C242C84,324305,324339
I4C242C84,325909,325960
I4C242C84,329753,329773
I4C242C84,342064,342095
I4C242C84,343263,343306
I4C242C84,348544,348560
I4C242C84,348562,348582
I4C242C84,350842,350890
I4C242C84,353830,353888
I4C242C84,356658,356698
I4C242C84,358669,358734
I4C242C84,363406,363453
I4C242C84,365398,365463
I4C242C84,372816,372888
I4C242C84,373625,373691
I4C242C84,378276,378322
I4C242C84,379400,379450
I4C242C84,382503,382566
I4C242C84,386238,386276
I4C242C84,391809,391834
I4C242C84,394118,394169
I4C242C84,401901,401943
I4C242C84,406848,406922
I4C242C84,412068,412143
I4C242C84,418732,418788
I4C242C84,422093,422153
I4C242C84,423984,424031
I4C242C84,425036,425107
I4C242C84,428239,428278
I4C242C84,430714,430776
I4C242C84,435965,435999
I4C242C84,440359,440374
I4C242C84,440376,440408
I4C242C84,444044,444099
I4C242C84,448370,448443
I4C242C84,452125,452148
I4C242C84,452150,452201
I4C242C84,454091,454111
I4C242C84,458697,458717
I4C242C84,469968,470027
I4C242C84,472037,472059
I4C242C84,475567,475588
I4C242C84,482623,482632
I4CAE7B8B,4222,4239
I4CAE7B8B,9607,9678
I4CAE7B8B,60444,60483
I4CAE7B8B,81578,81623
I4CAE7B8B,110218,110260
I4CAE7B8B,162293,162350
I4CAE7B8B,200646,200710
I4CAE7B8B,259795,259813
I4DFE9067,2001,2021
I4DFE9067,38620,38684
I4EE8C636,221,362
I4EE8C636,364,531
I4FABF1F8,174,180
I4FABF1F8,2232,2249
I4FABF1F8,6473,6552
I4FABF1F8,25279,25305
I4FABF1F8,52158,52176
I4FABF1F8,84035,84062
I4FABF1F8,146044,146065
I4FABF1F8,196935,196954
I4FABF1F8,198148,198172
I4FD99A33,111,212
I4FD99A33,249,301
I4FD99A33,337,403
I4FD99A33,425,460
I4FD99A33,500,535
I4FD99A33,563,619
I4FD99A33,621,652
I4FD99A33,654,739
I4FD99A33,786,869
I4FD99A33,910,952
I4FD99A33,989,1038
I4FD99A33,1073,1079
I4FD99A33,4505,4522
I4FD99A33,291283,291301
I4FDF07E7,75,207
I5048861E,112,224
I5134B437,140,228
I5134B437,3169,3179
I5134B437,4482,4490
I5134B437,5735,5756
I5134B437,9822,9866
I5134B437,72670,72697
I5134B437,91412,91445
I5134B437,127030,127064
I5134B437,177033,177066
I5134B437,231572,231614
I5134B437,264638,264675
I5134B437,287511,287542
I518A01A8,126,132
I518A01A8,495,512
I518A01A8,13052,13069
I518A01A8,13817,13843
I518A01A8,14750,14769
I518A01A8,15921,15950
I518A01A8,17887,17931
I518A01A8,18788,18802
I518A01A8,19532,19559
I518A01A8,51870,51916
I518A01A8,289513,289531
I52248444,120,215
I52248444,263,319
I52248444,347,444
I52248444,483,555
I52248444,603,723
I52248444,767,866
I52248444,913,919
I52248444,4294,4311
I52248444,8895,8995
I52248444,77474,77535
I52248444,91170,91272
I52248444,133551,133634
I52248444,167421,167546
I52248444,193207,193311
I52248444,232334,232352
I52F33C02,101,163
I54375004,153,256
I55D7A55C,128,201
I55E4B626,58,151
I575514A8,119,125
I575514A8,1698,1707
I575514A8,2332,2348
I575514A8,3004,3014
I575514A8,3145,3156
I575514A8,4435,4496
I575514A8,41006,41065
I577D1677,79,199
I57BB7B28,2,95
I57BB7B28,149,236
I57BB7B28,238,331
I587B7DED,195,300
I58E33EFF,2,61
I58E33EFF,96,155
I58E33EFF,8298,8407
I58E33EFF,10402,10456
I5AEEE5CA,131,221
I5BFCBB3F,72,194
I5F5D9F5A,0,51
I5F5D9F5A,53,70
I5F5D9F5A,72,194
I5F5D9F5A,196,237
I5F5D9F5A,239,245
I5F5D9F5A,2464,2481
I5F5D9F5A,17769,17900
I5F5D9F5A,155788,155806
I60D0ED54,155,309
I617FDD1E,120,240
I6193773E,67,124
I62D7430C,61,106
I6380CEC4,638,644
I6380CEC4,11646,11743
I6380CEC4,73234,73355
I6380CEC4,376424,376472
I6380CEC4,411817,411835
I64B5DDDD,108,178
I6A834445,131,207
I6D11E414,114,121
I6D11E414,876,885
I6D11E414,890,930
I6D11E414,18519,18569
I6D11E414,25023,25058
I6D11E414,107678,107718
I6D11E414,126146,126171
I6D11E414,135134,135167
I6D11E414,138976,139038
I6D11E414,180402,180451
I6D11E414,182610,182643
I6D11E414,199485,199509
I6D11E414,267136,267157
I6D11E414,269661,269678
I6D11E414,272097,272112
I6D4C317A,0,34
I6D4C317A,72,106
I6D4C317A,10186,10218
I6D4C317A,36907,36949
I6D4C317A,46814,46849
I6D4C317A,50924,50968
I6D4C317A,58580,58628
I6D4C317A,82051,82086
I6D4C317A,91431,91493
I6D4C317A,99595,99632
I6EFF9668,133,150
I6EFF9668,5292,5364
I6EFF9668,24779,24870
I6EFF9668,25483,25512
I6EFF9668,27960,27984
I6EFF9668,29651,29669
I6EFF9668,30766,30789
I6EFF9668,32735,32768
I6EFF9668,33557,33634
I6EFF9668,35903,35917
I6EFF9668,36106,36123
I6EFF9668,36478,36491
I6EFF9668,36747,36758
I6EFF9668,36998,37013
I6EFF9668,37304,37312
I6EFF9668,37522,37531
I6EFF9668,37711,37721
I6EFF9668,37927,37935
I6EFF9668,38350,38355
I6EFF9668,38730,38740
I6EFF9668,38888,38893
I6EFF9668,39051,39070
I6EFF9668,39353,39373
I6EFF9668,39546,39559
I6EFF9668,39878,39892
I6EFF9668,40219,40232
I6EFF9668,40586,40613
I6EFF9668,40859,40872
I6EFF9668,41050,41062
I6EFF9668,41278,41294
I6EFF9668,41527,41561
I6EFF9668,41817,41853
I6EFF9668,42091,42105
I6EFF9668,42330,42351
I6EFF9668,42813,42846
I6EFF9668,44417,44428
I6EFF9668,44462,44473
I6EFF9668,44552,44563
I6EFF9668,44641,44658
I6EFF9668,44837,44854
I6EFF9668,45310,45322
I6EFF9668,46521,46583
I6EFF9668,46585,46610
I6EFF9668,47061,47091
I6EFF9668,47325,47379
I6EFF9668,48031,48056
I6EFF9668,49348,49362
I6EFF9668,49999,50045
I6EFF9668,50456,50485
I6EFF9668,51013,51049
I6EFF9668,51538,51570
I6EFF9668,52035,52066
I6EFF9668,52384,52415
I6EFF9668,53136,53148
I6EFF9668,53266,53301
I6EFF9668,53605,53636
I6EFF9668,53959,53989
I6EFF9668,54324,54350
I6EFF9668,54812,54834
I6EFF9668,55551,55590
I6EFF9668,55592,55617
I6EFF9668,55619,55673
I6EFF9668,56267,56326
I6EFF9668,57164,57206
I6EFF9668,58713,58731
I6F70ED49,126,197
I74772DFF,2194,2212
I74772DFF,6110,6269
I74772DFF,40581,40766
I74772DFF,70215,70420
I74772DFF,103217,103327
I74772DFF,188045,188064
I750EAEE8,73,151
I786395B4,175,304
I78C84F85,279,289
I78C84F85,747,765
I78C84F85,2669,2749
I78C84F85,17814,17845
I78C84F85,19661,19748
I78C84F85,28014,28108
I78C84F85,31046,31076
I78C84F85,31644,31668
I78C84F85,32666,32682
I78C84F85,34785,34811
I78C84F85,37149,37242
I78C84F85,37592,37638
I78C84F85,48173,48197
I78C84F85,49535,49582
I78C84F85,50583,50602
I78C84F85,55370,55434
I78C84F85,58550,58613
I78C84F85,65767,65827
I78C84F85,66495,66566
I78C84F85,69289,69343
I78C84F85,72539,72592
I78C84F85,75574,75675
I78C84F85,84596,84663
I7989272E,42921,42982
I7989272E,50462,50522
I7989272E,56074,56138
I7989272E,89002,89078
I79F57A79,135,216
I7A79CC95,262,268
I7A79CC95,2300,2337
I7A79CC95,25382,25455
I7A79CC95,26591,26706
I7A79CC95,39560,39638
I7A79CC95,82921,83002
I7A79CC95,84031,84150
I7A79CC95,85384,85460
I7A79CC95,100129,100198
I7A79CC95,109411,109506
I7A79CC95,113871,113947
I7A79CC95,117797,117842
I7A79CC95,123333,123405
I7A79CC95,127190,127303
I7A79CC95,143929,144005
I7A79CC95,144514,144534
I7A79CC95,144936,145012
I7A79CC95,195352,195492
I7A79CC95,259366,259462
I7A79CC95,362956,363168
I7A79CC95,485717,485812
I7A79CC95,530878,530964
I7A79CC95,560402,560473
I7A79CC95,561743,561847
I7C0B99BB,156,255
I7D476A8B,258,275
I7D476A8B,4296,4382
I7D476A8B,129657,129735
I7D476A8B,239330,239350
I8006C360,0,67
I8222749E,119,198
I82AB29CD,73,179
I849C345E,194,211
I849C345E,13942,14006
I849C345E,18272,18354
I849C345E,34096,34164
I849C345E,78996,79047
I849C345E,97342,97446
I849C345E,123634,123679
I849C345E,132682,132779
I849C345E,154856,154898
I849C345E,157920,157980
I849C345E,185939,185967
I849C345E,198581,198646
I849C345E,207381,207445
I849C345E,222948,223053
I849C345E,233658,233676
I85485484,83,216
I85C28EDA,0,51
I85C28EDA,53,72
I85C28EDA,74,102
I85C28EDA,104,195
I85C28EDA,230,252
I85C28EDA,289,388
I85C28EDA,420,568
I85C28EDA,605,611
I85C28EDA,1658,1675
I85C28EDA,6138,6234
I85C28EDA,66695,66722
I85C28EDA,84168,84273
I85C28EDA,103441,103466
I85C28EDA,109160,109272
I85C28EDA,143341,143386
I85C28EDA,161759,161857
I85C28EDA,161859,161882
I85C28EDA,162198,162222
I85C28EDA,162498,162522
I85C28EDA,162738,162761
I85C28EDA,164648,164666
I8698A1DF,132,149
I8698A1DF,1481,1543
I8698A1DF,66833,66891
I8698A1DF,90263,90294
I8698A1DF,94609,94637
I8698A1DF,95421,95488
I86E4558F,108,170
I881A57E8,263,272
I881A57E8,564,582
I881A57E8,9620,9636
I881A57E8,10691,10727
I881A57E8,43832,43863
I881A57E8,61931,61946
I881A57E8,63434,63468
I881A57E8,77491,77517
I881A57E8,97935,97958
I881A57E8,121287,121346
I881A57E8,122605,122613
I88977D82,451,457
I88977D82,2925,2942
I88977D82,243435,243453
I88CF073C,134,151
I88CF073C,5363,5400
I88CF073C,10048,10100
I88CF073C,12256,12310
I88CF073C,17896,17978
I88CF073C,19415,19471
I88CF073C,22963,23061
I88CF073C,28331,28379
I88CF073C,33204,33241
I88CF073C,38983,39022
I88CF073C,53644,53700
I88CF073C,58750,58839
I88CF073C,67160,67205
I88CF073C,73802,73869
I88CF073C,95125,95165
I88CF073C,121556,121580
I88CF073C,131294,131328
I88CF073C,145422,145496
I88CF073C,147615,147698
I88CF073C,149046,149116
I88CF073C,156233,156295
I88CF073C,192583,192605
I88DA3111,163,280
I895C519A,133,267
I8961718B,171,177
I8961718B,2183,2208
I8961718B,2711,2749
I8961718B,36540,36569
I8961718B,75786,75804
I8961718B,144599,144626
I8961718B,169904,169920
I8961718B,188460,188496
I8961718B,203535,203560
I8961718B,249494,249514
I8961718B,257842,257860
I8961718B,277344,277362
I8961718B,281582,281591
I8961718B,286719,286737
I8994AAB2,184,189
I8994AAB2,236,242
I8994AAB2,320726,320744
I8995895C,0,44
I8995895C,132,177
I8A57AE06,72,194
I8B49E87B,1110,1127
I8B49E87B,5505,5606
I8B49E87B,29654,29706
I8B49E87B,33950,34016
I8B49E87B,44531,44566
I8B49E87B,75958,75993
I8B49E87B,95992,96048
I8B49E87B,118836,118867
I8B49E87B,151390,151433
I8B49E87B,153779,153864
I8B49E87B,196721,196768
I8B49E87B,199240,199286
I8B49E87B,204547,204628
I8B49E87B,238889,238981
I8B49E87B,313545,313563
I8CEEFEFC,143,236
I8D5C7CB4,52,138
I8D6D2565,65,127
I8E747E8E,129,212
I8EC6D8E9,157,259
I91949F99,5396,5413
I91949F99,10923,10968
I91949F99,254934,254952
I920AA7AC,201,207
I920AA7AC,3434,3451
I920AA7AC,8844,8928
I920AA7AC,334840,334858
I9434034F,158,229
I9434034F,231,356
I9658BC87,0,72
I9658BC87,126,199
I9658BC87,201,273
I9658BC87,275,381
I9658BC87,383,500
I9658BC87,502,555
I9658BC87,557,616
I9658BC87,618,676
I9658BC87,678,741
I9658BC87,743,802
I9658BC87,804,862
I9658BC87,864,931
I9658BC87,933,1005
I9658BC87,1007,1075
I9658BC87,1077,1152
I9658BC87,347742,347807
I9658BC87,347809,347873
I9658BC87,347875,347942
I9658BC87,347944,348004
I968B73EB,229,352
I9779A606,0,66
I9779A606,258,275
I9779A606,318636,318654
I97B90DC0,105,178
I97B90DC0,210,358
I97B90DC0,390,473
I97B90DC0,506,512
I97B90DC0,2827,2844
I97B90DC0,15669,15747
I97B90DC0,80148,80301
I97B90DC0,120440,120526
I97B90DC0,233652,233671
I97B90DC0,241336,241356
I97B90DC0,255875,255889
I97B90DC0,295022,295036
I97B90DC0,298312,298330
I9811592F,131,204
I98D03292,216,222
I98D03292,9529,9546
I98D03292,15953,16135
I98D03292,409350,409457
I98D03292,410379,410397
I99DF06AA,239,359
I9AEEF96A,116,233
I9B6A4525,77,153
I9B6A4525,2135,2142
I9B6A4525,2144,2158
I9B6A4525,37209,37246
I9B6A4525,52152,52180
I9B6A4525,82070,82101
I9B6A4525,124159,124198
I9B6A4525,155031,155060
I9B6A4525,201599,201632
I9B6A4525,221729,221765
I9CB71958,104,111
I9CB71958,704,782
I9CB71958,9557,9618
I9CB71958,10311,10318
I9CB71958,11728,11763
I9CB71958,14131,14177
I9CB71958,16059,16095
I9CB71958,16927,16964
I9D9C7AC9,238,426
I9DF09DD3,150,242
I9EE3E92B,131,238
IA3DD1ADA,82,215
IA473D353,105,111
IA473D353,169,221
IA473D353,461,489
IA473D353,1305,1327
IA473D353,1329,1334
IA473D353,10296,10340
IA473D353,82283,82311
IA473D353,106048,106087
IA473D353,107818,107885
IA5AA757B,4638,4665
IA5AA757B,6056,6081
IA5AA757B,7968,7994
IA5AA757B,10167,10190
IA5AA757B,11668,11693
IA736981A,136,154
IA736981A,1381,1387
IA736981A,57521,57540
IA83BAC6F,107,170
IAA85B9B5,115,230
IAAADCAA0,418,428
IAAADCAA0,886,1011
IAAADCAA0,1013,1038
IAAADCAA0,36693,36769
IAAADCAA0,39266,39356
IAAADCAA0,39358,39383
IAAADCAA0,73769,73792
IAAADCAA0,73794,73819
IAAADCAA0,87017,87084
IAB948889,134,218
IABE7480B,159,229
IABE7480B,231,339
IACD4469E,134,218
IAE1E11E5,137,143
IAE1E11E5,1287,1303
IAE1E11E5,2821,2839
IAE1E11E5,7781,7822
IAE1E11E5,14762,14858
IAFA8F999,54,114
IB047F8C7,116,122
IB047F8C7,177,230
IB047F8C7,1230,1247
IB047F8C7,2161,2224
IB047F8C7,2226,2242
IB047F8C7,7440,7509
IB047F8C7,271894,271961
IB2BA1922,125,180
IB2BA1922,183,270
IB4534838,151,249
IB45DE768,63,176
IB47565DE,67,95
IB47565DE,15726,15810
IB47565DE,20082,20141
IB47565DE,26599,26717
IB47565DE,29984,30050
IB47565DE,44493,44555
IB47565DE,49687,49771
IB47565DE,57694,57755
IB47565DE,62566,62646
IB47565DE,66675,66733
IB47565DE,73456,73565
IB47565DE,76942,77007
IB47565DE,81849,81896
IB47565DE,85742,85847
IB47565DE,89581,89652
IB47565DE,93795,93871
IB47565DE,96370,96451
IB47565DE,98965,99068
IB47565DE,101146,101205
IB47565DE,105954,106041
IB47565DE,108106,108167
IB47565DE,112965,113024
IB47565DE,126368,126402
IB47565DE,127421,127475
IB47565DE,131867,131944
IB47565DE,134093,134156
IB47565DE,138993,139046
IB47565DE,143978,144068
IB47565DE,147560,147633
IB47565DE,150070,150145
IB47565DE,153421,153449
IB47565DE,158605,158688
IB47565DE,165347,165430
IB47565DE,172090,172183
IB47565DE,175797,175833
IB47565DE,179906,179970
IB47565DE,187001,187061
IB47565DE,191681,191828
IB47565DE,231019,231132
IB47565DE,255714,255840
IB47565DE,261791,261867
IB4B89F9C,0,100
IB4B89F9C,154,251
IB4B89F9C,253,353
IB503BC08,119,186
IB522F095,1221,1245
IB522F095,1880,1895
IB522F095,5303,5321
IB522F095,6993,7010
IB522F095,8844,8861
IB522F095,22017,22036
IB522F095,29593,29609
IB522F095,37495,37509
IB522F095,48401,48408
IB522F095,49004,49021
IB522F095,83098,83133
IB522F095,129057,129078
IB522F095,132930,132946
IB522F095,141507,141528
IB522F095,154334,154349
IB522F095,178732,178746
IB522F095,211381,211392
IB522F095,222941,222991
IB522F095,223072,223093
IB522F095,233850,233865
IB522F095,237008,237023
IB522F095,259532,259550
IB522F095,278694,278705
IB5F523B2,69,188
IB8D599AA,135,145
IB8D599AA,603,631
IB8D599AA,2835,2845
IB8D599AA,2847,2875
IB8D599AA,2908,2982
IB8D599AA,2984,2991
IB8D599AA,2993,3008
IB8D599AA,3010,3027
IB8D599AA,3055,3076
IB8D599AA,3078,3093
IB8D599AA,3095,3111
IB8D599AA,3113,3136
IB8D599AA,3138,3159
IB8D599AA,3161,3185
IB8D599AA,3187,3208
IB8D599AA,3210,3232
IB8D599AA,3234,3257
IB8D599AA,3259,3282
IB8D599AA,3284,3294
IB8D599AA,3296,3317
IB8D599AA,3319,3336
IB8D599AA,3338,3361
IB8D599AA,3363,3384
IB8D599AA,3386,3414
IB8D599AA,3416,3445
IB8D599AA,3446,3466
IB8D599AA,3468,3498
IB8D599AA,3500,3527
IB8D599AA,3529,3546
IB8D599AA,3548,3567
IB8D599AA,3569,3585
IB8D599AA,3587,3606
IB8D599AA,3608,3631
IB8D599AA,3633,3664
IB8D599AA,3666,3691
IB8D599AA,3693,3711
IB8D599AA,3713,3753
IB8D599AA,3755,3766
IB8D599AA,3768,3815
IB8EEB9FB,156,253
IB8EEB9FB,18468,18559
IB8EEB9FB,24908,24947
IB8EEB9FB,62780,62819
IB8EEB9FB,68138,68186
IB8EEB9FB,68524,68554
IB8EEB9FB,84209,84231
IB8EEB9FB,111449,111477
IB8EEB9FB,138309,138342
IB8EEB9FB,160071,160110
IB8EEB9FB,160368,160403
IB8EEB9FB,194589,194618
IB8EEB9FB,229034,229073
IB8EEB9FB,245947,245980
IB8EEB9FB,267713,267756
IB8EEB9FB,320775,320785
IB8EEB9FB,325300,325310
IB8F4E5BE,2043,2050
IB8F4E5BE,5423,5433
IB8F4E5BE,82036,82053
IB8F4E5BE,98555,98598
IB8F4E5BE,98600,98629
IB8F4E5BE,132703,132756
IB8F4E5BE,137514,137556
IB8F4E5BE,137558,137593
IB8F4E5BE,144507,144575
IB8F4E5BE,144577,144728
IB8F4E5BE,144730,144765
IB8F4E5BE,693222,693290
IB8F4E5BE,693292,693371
IB8F4E5BE,915411,915426
IB9CA8898,184,322
IB9CA8898,25635,25719
IB9CA8898,25721,25852
IBB199AAB,154,257
IBB812389,51,167
IBBB26EA1,105,210
IBBFC3AAB,120,200
IBC775AF6,225,235
IBC775AF6,165165,165215
IBC775AF6,169260,169322
IBC775AF6,281997,282015
IBCF6B0BA,112,172
IBD1386A4,96,167
IBD1386A4,4072,4163
IBF8C5BB6,543,602
IBF8C5BB6,1958,2029
IBF8C5BB6,17667,17722
IBF8C5BB6,22500,22616
IBF8C5BB6,107251,107360
IBF8C5BB6,147500,147609
IBF8C5BB6,191824,191860
IBFACCCDF,142,233
IC05A6BE0,104,142
IC05A6BE0,16989,17028
IC05A6BE0,25435,25469
IC05A6BE0,38613,38649
IC05A6BE0,53148,53191
IC05A6BE0,82597,82642
IC05A6BE0,106657,106693
IC3A7006F,135,224
IC3A7006F,226,315
IC3A7006F,1146,1200
IC3A7006F,12528,12586
IC3A7006F,17639,17692
IC3A7006F,26578,26634
IC3A7006F,36511,36568
IC3A7006F,48013,48063
IC3A7006F,56925,56978
IC3A7006F,64179,64228
IC421942A,138,221
IC555D0EB,55,73
IC555D0EB,75,188
IC555D0EB,1801,1818
IC555D0EB,299253,299271
IC5CE7FE9,0,51
IC5CE7FE9,53,69
IC5CE7FE9,71,182
IC5CE7FE9,184,190
IC5CE7FE9,192,235
IC5CE7FE9,237,243
IC5CE7FE9,7772,7789
IC6F06BCD,133,237
IC6F06BCD,272,369
IC6F06BCD,405,465
IC6F06BCD,496,574
IC6F06BCD,606,612
IC6F06BCD,2784,2801
IC6F06BCD,252362,252380
IC6F06BCD,265446,265469
IC6F06BCD,266361,266376
IC6F06BCD,269567,269585
IC7A5FC73,112,183
IC87920B7,111,128
IC87920B7,161,228
IC87920B7,265,331
IC87920B7,367,418
IC87920B7,464,470
IC87920B7,4193,4210
IC87920B7,9216,9238
IC87920B7,25808,25880
IC87920B7,164658,164729
IC87920B7,190466,190522
IC87920B7,197884,197902
IC8A4519C,157,259
IC99C24DC,68,186
IC9EE0A24,231,403
ICC9840B6,166,172
ICC9840B6,1771,1788
ICC9840B6,6604,6734
ICC9840B6,7644,7659
ICC9840B6,11754,11777
ICC9840B6,54736,54760
ICC9840B6,62163,62207
ICC9840B6,77518,77534
ICC9840B6,78429,78562
ICC9840B6,78564,78579
ICC9840B6,80250,80270
ICC9840B6,84574,84611
ICC9840B6,97428,97481
ICC9840B6,425799,425867
ICC9840B6,460459,460477
ICC9840B6,463033,463142
ICC9840B6,464032,464058
ICC9840B6,472879,472907
ICC9840B6,482494,482517
ICC9840B6,486240,486294
ICC9840B6,489635,489689
ICC9840B6,494867,494903
ICC9840B6,502448,502492
ICC9840B6,506595,506778
ICC9840B6,506780,506795
ICC9840B6,510092,510119
ICC9840B6,516230,516257
ICC9840B6,532964,532996
ICC9840B6,575667,575722
ICC9840B6,585659,585697
ICC9840B6,592927,593017
ICC9840B6,599498,599516
ICDC84458,0,51
ICDC84458,53,72
ICDC84458,74,159
ICDC84458,161,192
ICDC84458,194,200
ICDC84458,3018,3035
ICDC84458,288846,288863
ICDC84458,403929,403946
ICDC84458,673357,673375
ID13E3867,94,136
ID4AD2D0E,176,306
ID5714205,5,88
ID5714205,179,267
ID6DDE9E3,126,213
ID8FE83E3,200,353
IDA8C4CE5,61,159
IDAB254F1,120,185
IDACD7FC0,147,294
IDAE0EA08,9390,9501
IDAE0EA08,9503,9691
IDB6093E9,1164,1181
IDB6093E9,12842,12925
IDB6093E9,45690,45801
IDB6093E9,54383,54492
IDB6093E9,109285,109387
IDB6093E9,140786,140848
IDB6093E9,153657,153735
IDB6093E9,173735,173835
IDB6093E9,244938,245042
IDB6093E9,284062,284142
IDB6093E9,299412,299467
IDB6093E9,364120,364235
IDB6093E9,369041,369059
IDB6093E9,382125,382148
IDB6093E9,383039,383054
IDB6093E9,386245,386263
IDBFF9DE3,271,277
IDBFF9DE3,5722,5739
IDBFF9DE3,397003,397021
IDDA7F69E,163,180
IDDA7F69E,5091,5126
IDDA7F69E,28671,28706
IDDA7F69E,35615,35695
IDDA7F69E,41223,41263
IDDA7F69E,103903,103943
IDDA7F69E,165892,165922
IDDA7F69E,203889,203919
IDDA7F69E,219096,219123
IDDA7F69E,246602,246628
IDDA7F69E,286953,286983
IDDA7F69E,290992,291042
IDDA7F69E,303475,303494
IDDA7F69E,327376,327410
IDDA7F69E,350543,350592
IDDA7F69E,391289,391324
IDDA7F69E,399789,399822
IDDA7F69E,429363,429397
IDDA7F69E,438015,438045
IDDA7F69E,448811,448848
IDDA7F69E,456105,456157
IDDA7F69E,468024,468063
IDDA7F69E,477648,477722
IDDA7F69E,507029,507112
IDDA7F69E,531959,531977
IDDB46142,155,306
IDF77FDDD,130,220
IE0AB7438,125,142
IE0AB7438,294442,294460
IE166DA22,130,204
IE1B4BBB9,0,2
IE1B4BBB9,127,219
IE1ECB287,147,237
IE2421BEA,122,200
IE2421BEA,202,283
IE3ACE254,5,153
IE3ACE254,275,428
IE5895799,0,51
IE5895799,53,72
IE5895799,74,159
IE5895799,161,192
IE5895799,194,200
IE5895799,4254,4271
IE5895799,15026,15087
IE5895799,19664,19692
IE5895799,22099,22164
IE5895799,25600,25663
IE5895799,31932,32040
IE5895799,80354,80422
IE5895799,106074,106100
IE5895799,137370,137431
IE5895799,137951,137995
IE5895799,138089,138144
IE5895799,139799,139857
IE5895799,171600,171705
IE5895799,181053,181155
IE5895799,183802,183911
IE5895799,200938,200973
IE5895799,213649,213783
IE5895799,224370,224436
IE5895799,232410,232490
IE5895799,244106,244124
IE79CC998,78,206
IE79CC998,9819,9882
IE8EB4CB4,64,207
IE9C4806D,0,28
IE9C4806D,75,199
IEA9B747E,55,73
IEA9B747E,75,147
IEA9B747E,170,176
IEA9B747E,5118,5135
IEA9B747E,21138,21196
IEA9B747E,152330,152409
IEA9B747E,347330,347359
IEA9B747E,505470,505488
IEDFED305,60,101
IEE67309C,118,168
IEE67309C,192,249
IEE67309C,251,325
IEE67309C,356,451
IEE67309C,499,533
IEE67309C,561,567
IEE67309C,3873,3890
IEE67309C,221054,221072
IEEB908B0,56,120
IEEBAD11E,60,170
IEEC9CCA9,119,238
IEF3A4022,110,175
IF30A1358,172,251
IF428CDDB,0,51
IF428CDDB,53,71
IF428CDDB,73,171
IF428CDDB,173,216
IF428CDDB,218,224
IF428CDDB,9486,9503
IF428CDDB,411315,411421
IF428CDDB,411423,411450
IF428CDDB,411602,411632
IF428CDDB,411717,411739
IF428CDDB,411817,411840
IF428CDDB,412060,412109
IF428CDDB,413006,413024
IF4C4BF01,116,190
IF4C4BF01,192,220
IF4C4BF01,222,349
IF4C4BF01,351,357
IF4C4BF01,4593,4610
IF4C4BF01,8184,8258
IF4C4BF01,287578,287606
IF4C4BF01,340207,340334
IF4C4BF01,384683,384701
IF4F5D041,95,156
IF4F5D041,158,214
IF5AAE849,120,191
IF69FF8A7,196,343
IF6B54962,70,190
IF7A04537,232,249
IF84B2E71,104,114
IF84B2E71,116,129
IF84B2E71,4479,4490
IF84B2E71,4492,4513
IF84B2E71,14857,14868
IF84B2E71,14870,14889
IF84B2E71,22448,22458
IF84B2E71,22460,22479
IF84B2E71,27991,28000
IF84B2E71,28002,28017
IF84B2E71,37413,37424
IF84B2E71,37426,37441
IF84B2E71,46306,46317
IF84B2E71,46319,46361
IF84B2E71,58495,58507
IF84B2E71,58509,58535
IF84B2E71,72841,72851
IF84B2E71,72853,72866
IF84B2E71,113120,113130
IF84B2E71,113132,113155
IF85C9484,109,173
IF85C9484,208,285
IF85C9484,331,405
IF85C9484,437,564
IF85C9484,4967,4984
IF85C9484,9105,9174
IF85C9484,16291,16373
IF85C9484,42340,42420
IF85C9484,321972,322005
IF85C9484,374788,374920
IF85C9484,419278,419296
IFA88A536,137,143
IFA88A536,3072,3089
IFA88A536,7591,7695
IFA88A536,46755,46820
IFA88A536,51191,51291
IFA88A536,163058,163100
IFA88A536,166060,166102
IFA88A536,172090,172108
IFAAADEA1,146,242
IFC5AD8FD,113,188
IFF05DE5E,57,94
IFF541F44,156,162
IFF541F44,248,276
IFF541F44,1502,1530
IFF541F44,2198,2247
IFF541F44,2249,2273
IFF541F44,10228,10307
IFF541F44,207752,207819
IFFA911F5,105,177
P000010,143,160
P000010,4779,4893
P000010,37675,37735
P000010,37737,37816
P000010,70120,70204
P000010,82711,82759
P000010,103852,103895
P000010,105649,105681
P000010,111102,111147
P000010,114706,114733
P000010,120163,120199
P000010,122252,122306
P000010,123141,123177
P000010,124297,124334
P000010,127549,127616
P000010,130095,130183
P000010,132839,132868
P000010,143166,143196
P000010,147103,147144
P000010,148655,148681
P000010,151676,151709
P000010,152505,152548
P000010,153775,153816
P000010,156795,156835
P000010,160151,160192
P000010,163914,163952
P000010,171937,171971
P000010,177177,177215
P000010,178788,178829
P000010,187641,187667
P000010,190963,191000
P000010,200489,200523
P000010,204955,204997
P000010,209819,209863
P000010,216707,216730
P000010,222361,222421
P000010,227112,227181
P000010,236475,236526
P000010,239017,239059
P000010,242002,242028
P000010,243503,243585
P000010,250321,250365
P000010,253033,253082
P000010,278834,278879
P000010,295320,295380
P000010,299439,299490
P000010,332104,332146
P000010,337449,337502
P000010,341033,341098
P000010,343701,343743
P000010,353072,353138
P000010,361642,361678
P000010,362700,362742
P000010,367414,367476
P000010,368743,368777
P000010,370674,370706
P000010,372463,372489
P000010,374180,374213
P000010,380182,380213
P000010,386882,386917
P000010,388841,388879
P000010,393490,393529
P000010,406895,406950
P000010,409520,409566
P000010,416621,416671
P000010,423204,423275
P000010,434850,434887
P000010,436740,436775
P000010,443406,443475
P000010,446247,446314
P000010,459039,459067
P000010,464100,464135
P000010,467601,467637
P000010,472180,472217
P000010,476449,476477
P000010,479107,479140
P000010,482776,482803
P000010,486561,486603
P000010,489873,489914
P000010,492315,492351
P000010,495463,495534
P000010,499852,499883
P000010,502673,502698
P000010,506373,506408
P000010,512553,512580
P000010,518645,518708
P000010,525356,525381
P000010,534082,534105
P000010,543790,543830
P000010,549295,549353
P000010,553705,553743
P000010,564185,564228
P000010,570923,570990
P000010,579764,579807
P000010,583710,583843
P000010,583845,583904
P000010,583906,583930
P000011,245,262
P000011,4880,4994
P000011,37774,37880
P000011,66669,66759
P000011,74437,74573
P000011,81199,81277
P000011,97247,97341
P000011,109848,109959
P000011,118537,118617
P000011,122549,122622
P000011,129341,129428
P000011,136016,136074
P000011,140946,141053
P000011,148590,148739
P000011,175417,175492
P000011,180009,180095
P000011,184994,185055
P000011,190497,190519
P000011,193459,193528
P000011,197381,197435
P000011,203013,203136
P000011,208377,208458
P000011,212927,213009
P000011,215210,215318
P000011,219744,219843
P000011,224445,224518
P000011,227581,227670
P000011,232384,232459
P000011,235152,235227
P000011,239359,239429
P000011,243969,244042
P000011,251453,251537
P000011,256463,256544
P000011,269571,269666
P000011,287355,287447
P000011,298408,298498
P000011,302699,302753
P000011,305725,305847
P000011,310904,310999
P000011,316611,316766
P000011,338284,338377
P000011,341675,341804
P000011,345922,346034
P000011,349796,349921
P000011,353785,353912
P000011,358051,358137
P000011,362259,362360
P000011,376943,376976
P000011,382010,382092
P000011,384810,384907
P000011,402928,402984
P000011,405125,405223
P000011,409750,409861
P000011,420180,420294
P000011,420296,420351
P000011,420353,420368
P000011,426442,426556
P000011,431810,431922
P000011,447277,447384
P000011,453808,453949
P000011,457046,457128
P000011,467041,467161
P000011,475098,475233
P000011,483940,484014
P000011,486055,486150
P000011,501125,501237
P000011,505063,505181
P000011,509879,509966
P000011,518587,518695
P000011,535455,535518
P000011,537038,537105
P000011,540872,540950
P000011,546489,546547
P000011,574143,574239
P000011,581248,581320
P000011,583714,583777
P000011,586189,586288
P000011,587471,587570
P000011,593085,593119
P000011,595348,595435
P000011,651552,651623
P000013,3009,3069
P000013,31024,31073
P000015,34,116
P000015,751,761
P000015,7227,7238
P000015,11969,11980
P000015,17801,17811
P000015,25515,25524
P000015,29635,29646
P000015,35569,35580
P000015,41310,41322
P000015,46581,46591
P000015,55931,55941
P000015,58543,58558
P000015,65436,65451
P000015,68423,68438
P000015,73008,73022
P000015,74885,74898
P000015,89280,89295
P000015,92911,92926
P000015,94923,94939
P000015,96595,96609
P000015,101086,101098
P000015,106183,106198
P000015,108301,108316
P000016,22792,22910
P000016,24965,25017
P000016,26187,26236
P000016,29082,29128
P000016,31252,31286
P000016,33868,33964
P000016,35076,35142
P000016,36970,37029
P000016,40177,40206
P000016,41430,41467
P000016,43348,43390
P000016,45229,45298
P000016,46523,46562
P000016,50832,50876
P000016,52075,52112
P000016,54850,54887
P000016,56273,56354
P000016,58752,58794
P000016,61584,61626
P000016,63041,63112
P000016,64361,64403
P000016,66946,66981
P000016,69103,69133
P000016,72270,72333
P000016,75284,75319
P000016,78463,78526
P000016,81468,81525
P000016,83824,83876
P000016,86845,86877
P000016,88847,88875
P000016,91603,91638
P000016,94280,94325
P000016,97354,97432
P000016,99325,99381
P000016,101786,101821
P000016,103951,103988
P000016,105583,105627
P000016,107771,107813
P000016,109667,109703
P000016,111368,111407
P000016,113546,113582
P000016,116061,116143
P000016,118329,118371
P000016,120423,120485
P000016,122661,122712
P000016,124725,124772
P000016,126509,126569
P000016,128356,128402
P000016,131170,131205
P000016,133626,133694
P000016,134916,134950
P000016,137303,137373
P000016,140606,140664
P000016,142346,142423
P000016,146984,147050
P000016,153092,153161
P000016,176512,176601
P000016,202451,202527
P000016,208407,208491
P000016,211651,211699
P000016,211808,211883
P000016,226301,226379
P000016,230481,230530
P000016,249278,249358
P000016,252932,253022
P000018,159,266
P000020,62,79
P000021,6189,6239
P000021,20549,20596
P000021,110163,110197
P000021,159998,160045
P000021,256487,256574
P000022,4447,4541
P000022,6184,6273
P000022,9164,9207
P000022,19868,19936
P000022,19938,20038
P000022,32220,32267
P000022,65925,65986
P000022,106043,106094
P000022,137199,137271
P000022,163430,163477
P000022,195151,195184
P000022,218583,218671
P000023,130,212
P000027,150,228
P000027,6997,7098
P000028,15683,15754
P000028,480718,480825
P000029,1166,1229
P000029,122537,122628
P000030,198,215
P000030,4834,4948
P000030,37729,37800
P000030,37802,37923
P000030,68469,68603
P000030,103519,103627
P000030,115719,115837
P000030,126890,126968
P000030,141117,141232
P000030,159271,159369
P000030,185197,185335
P000030,192319,192447
P000030,211356,211429
P000030,220658,220761
P000030,261257,261411
P000030,346188,346267
P000030,373150,373212
P000030,381180,381234
P000030,393317,393449
P000032,85,125
P000033,156,259
P000034,159,176
P000034,4795,4909
P000034,37692,37760
P000034,380435,380456
P000034,381843,381965
P000034,472068,472089
P000034,484278,484347
P000034,484349,484448
P000036,163,222
P000036,9194,9261
P000036,18820,18860
P000036,47046,47102
P000036,68122,68148
P000036,73963,73991
P000036,94543,94583
P000036,102826,102867
P000036,107496,107534
P000036,128952,128995
P000036,135228,135272
P000036,165805,165870
P000036,217374,217451
P000036,227318,227389
P000036,272145,272203
P000036,290111,290184
P000036,348821,348890
P000036,356949,357032
P000036,360685,360767
P000036,372005,372132
P000036,402572,402638
P000036,414062,414126
P000036,429157,429247
P000036,442804,442837
P000036,447898,447939
P000036,493077,493108
P000036,505042,505202
P000036,521679,521723
P000037,308,325
P000037,4944,5058
P000037,56113,56177
P000037,119607,119643
P000037,127971,128015
P000037,140663,140711
P000037,166344,166446
P000037,308081,308141
P000037,308143,308225
P000037,443653,443701
P000037,448339,448493
P000037,579284,579462
P000037,686220,686419
P000037,892661,892764
P000040,127,201
P000044,65,97
P000044,12458,12493
P000044,24473,24507
P000044,46741,46779
P000044,63656,63685
P000044,70358,70388
P000044,85419,85461
P000044,98237,98284
P000044,111151,111194
P000044,128956,129002
P000044,163366,163403
P000044,180049,180095
P000044,203832,203868
P000045,127,206
P000046,65,82
P000046,62329,62361
P000046,106178,106214
P000046,131978,132012
P000046,140566,140599
P000046,149013,149042
P000046,157231,157276
P000046,165745,165776
P000046,192774,192811
P000046,204078,204119
P000046,213599,213634
P000046,229202,229248
P000046,234384,234420
P000046,243082,243117
P000046,248591,248622
P000047,80,139
P000047,141,151
P000047,5184,5195
P000047,13372,13383
P000047,17434,17444
P000047,23522,23531
P000047,36085,36096
P000047,51750,51761
P000047,60895,60907
P000047,82473,82483
P000047,101551,101561
P000048,2042,2108
P000048,522323,522396
P000051,3091,3184
P000051,6346,6377
P000051,13185,13240
P000051,52399,52418
P000051,69675,69696
P000052,73,117
P000053,122,215
P000053,217,304
P000054,185,202
P000054,4821,4935
P000054,37718,37795
P000054,37797,37931
P000055,108,151
P000055,47422,47502
P000055,159966,160019
P000055,227913,227964
P000056,175,185
P000056,1494,1523
P000061,145,238
P000062,104,185
P000062,187,262
P000067,96,145
P000067,147,160
P000067,36314,36360
P000067,36362,36375
P000067,68743,68792
P000067,68794,68820
P000067,233290,233362
P000068,62,79
P000070,176,207
P000070,61597,61625
P000070,212992,213037
P000070,213509,213542
P000070,292006,292036
P000070,292038,292117
P000070,345765,345828
P000070,345830,345888
P000071,326,343
P000071,4211,4233
P000071,12753,12835
P000071,87484,87500
P000071,89762,89830
P000071,152958,152990
P000071,185943,185987
P000071,188333,188419
P000071,229660,229709
P000071,232181,232227
P000072,170,306
P000074,118,134
P000074,2534,2610
P000076,132,211
P000078,63,80
P000078,493623,493686
P000079,212,272
P000079,1685,1726
P000079,3421,3561
P000079,5402,5470
P000079,92121,92196
P000079,156099,156154
P000079,213355,213414
P000079,302440,302516
P000079,306433,306504
P000079,309213,309265
P000079,312598,312723
P000079,315713,315840
P000079,317525,317544
P000080,104,166
P000080,3951,4013
P000080,68404,68507
P000080,159220,159231
P000080,161424,161436
P000080,229124,229218
P000080,230727,230741
P000080,231262,231277
P000080,232405,232420
P000080,234649,234663
P000080,235326,235339
P000080,236642,236657
P000080,237663,237678
P000080,238460,238476
P000080,240208,240222
P000080,240812,240826
P000080,242509,242528
P000080,243118,243137
P000080,244017,244036
P000080,244286,244304
P000080,245879,245896
P000080,246415,246434
P000080,246836,246855
P000080,247125,247145
P000080,248264,248282
P000080,249071,249087
P000080,249373,249392
P000080,250005,250029
P000080,251432,251590
P000080,316763,316875
P000080,359751,359852
P000084,91,135
P000084,21789,21859
P000084,66006,66039
P000084,119622,119660
P000085,155,272
P000089,220,237
P000089,4857,4971
P000089,37753,37921
P000089,37923,37996
P000089,478924,479063
P000089,526656,526741
P000091,225,394
P000091,396,483
P000091,484,567
P000091,569,650
P000091,652,738
P000094,145,162
P000094,3031,3115
P000094,141643,141734
P000094,196331,196349
P000095,96,153
P000095,155,221
P000097,191,330
P000098,129,194
P000099,117,191
P000099,846,863
P000099,235183,235191
P000100,153,256
P000106,14235,14281
P000106,14283,14333
P000106,16918,16955
P000106,20865,20903
P000106,28030,28065
P000106,36263,36292
P000106,43701,43756
P000106,48545,48578
P000106,50345,50385
P000106,52712,52754
P000106,58493,58523
P000106,60605,60650
P000106,66829,66858
P000106,70370,70419
P000106,76163,76231
P000106,83372,83406
P000106,83408,83467
P000106,83593,83621
P000106,87932,87953
P000106,93327,93344
P000106,96205,96223
P000106,97046,97072
P000106,99836,99858
P000106,103052,103089
P000106,106560,106603
P000106,113107,113132
P000106,115797,115815
P000106,121062,121090
P000106,122915,122928
P000106,122930,122952
P000106,124762,124798
P000106,132393,132425
P000106,141424,141453
P000106,154476,154516
P000106,162714,162744
P000106,164201,164221
P000106,165890,165912
P000106,167381,167405
P000106,172572,172592
P000106,173235,173279
P000106,175064,175090
P000106,176231,176281
P000106,176283,176322
P000106,200330,200354
P000106,210120,210143
P000106,215882,215927
P000106,230481,230502
P000107,170,288
P000108,83,100
P000108,1128,1153
P000108,3179,3231
P000108,5416,5470
P000108,7095,7132
P000108,9532,9556
P000108,10438,10461
P000108,11718,11746
P000108,15156,15193
P000108,16023,16079
P000108,29006,29060
P000108,32022,32054
P000108,33055,33088
P000108,36525,36555
P000108,37877,37898
P000108,40699,40736
P000108,41590,41642
P000108,45197,45251
P000108,48731,48774
P000108,49847,49908
P000108,52777,52804
P000108,57584,57612
P000108,58289,58331
P000108,65122,65170
P000108,66256,66310
P000108,68478,68522
P000108,72275,72327
P000108,74345,74386
P000108,78166,78208
P000108,79108,79138
P000108,83198,83252
P000108,87357,87384
P000108,88828,88854
P000108,89868,89889
P000108,92082,92103
P000108,93495,93536
P000108,95409,95469
P000108,95950,95973
P000108,101030,101077
P000108,105129,105167
P000108,106758,106800
P000108,108063,108114
P000108,109704,109734
P000108,117114,117146
P000108,122378,122414
P000108,130085,130116
P000108,130590,130612
P000108,137417,137446
P000108,141379,141422
P000108,154354,154405
P000108,173194,173228
P000108,174220,174257
P000108,184012,184058
P000108,187928,187979
P000109,132,197
P000110,74,146
P000110,7743,7780
P000110,13295,13337
P000110,41423,41466
P000110,68099,68137
P000110,76965,76989
P000110,81526,81554
P000110,90972,91001
P000111,46,213
P000111,2065,2099
P000112,74,110
P000112,48230,48288
P000114,1786,1874
P000115,116,132
P000115,1750,1815
P000115,108075,108153
P000116,82,115
P000116,7791,7865
P000118,97,154
P000118,20592,20650
P000118,34838,34892
P000118,57256,57329
P000119,136,238
P000119,240,260
P000119,3595,3645
P000119,93525,93590
P000119,93592,93630
P000119,339755,339812
P000119,399152,399196
P000119,591267,591276
P000123,7927,8074
P000124,146,240
P000125,133,228
P000126,4084,4203
P000126,24189,24287
P000126,62676,62782
P000127,515,582
P000127,16787,16878
P000127,68484,68579
P000127,84944,84995
P000127,97984,98114
P000127,112646,112708
P000127,117454,117515
P000127,126363,126422
P000127,143333,143356
P000127,147341,147371
P000127,156938,156958
P000127,176759,176848
P000127,193518,193582
P000127,204999,205061
P000127,208691,208734
P000128,80609,80625
P000130,73,112
P000130,114,145
P000130,1577,1599
P000130,13072,13102
P000130,13104,13185
P000130,29028,29072
P000130,29074,29183
P000130,36620,36657
P000130,36659,36765
P000130,49877,49910
P000130,49912,50019
P000130,61859,61884
P000130,61886,61962
P000130,67420,67446
P000130,67448,67523
P000130,74260,74295
P000130,74297,74393
P000130,77632,77655
P000130,77657,77737
P000130,81558,81590
P000130,81592,81671
P000130,92024,92062
P000130,92064,92140
P000130,95902,95937
P000130,95939,96031
P000130,120332,120368
P000130,120370,120470
P000130,141005,141043
P000130,141045,141216
P000130,146745,146768
P000130,146770,146850
P000130,159431,159466
P000130,159468,159554
P000130,186333,186373
P000130,186375,186472
P000130,194446,194493
P000130,194494,194621
P000130,204671,204732
P000130,204734,204852
P000130,221633,221676
P000130,221678,221778
P000130,235688,235755
P000130,235757,235884
P000130,249759,249794
P000130,249796,249877
P000130,253916,253966
P000130,253968,254087
P000130,258833,258867
P000130,258869,259001
P000130,266340,266387
P000130,266389,266496
P000130,274263,274322
P000130,274324,274457
P000130,286385,286440
P000130,286442,286573
P000130,295253,295310
P000130,295312,295450
P000130,300008,300056
P000130,300058,300181
P000130,306458,306517
P000130,306519,306653
P000130,317674,317735
P000130,317737,317861
P000130,323184,323247
P000130,323249,323377
P000130,325419,325459
P000130,325461,325563
P000130,328423,328459
P000130,328461,328544
P000130,344277,344306
P000130,344308,344392
P000130,354935,354961
P000130,354963,355049
P000130,375235,375262
P000130,375264,375347
P000130,389093,389141
P000130,389143,389293
P000130,406447,406482
P000130,406484,406556
P000130,422411,422437
P000130,422439,422536
P000130,422538,422611
P000130,463922,463984
P000130,463986,464131
P000130,481344,481375
P000130,481377,481465
P000130,499233,499293
P000130,499295,499486
P000130,519708,519742
P000130,519744,519838
P000130,530653,530719
P000130,530721,530857
P000130,543588,543647
P000130,543649,543765
P000130,547992,548048
P000130,548050,548176
P000130,552138,552210
P000130,552212,552344
P000130,560084,560149
P000130,560151,560290
P000130,568684,568745
P000130,568747,568849
P000130,578606,578663
P000130,578665,578799
P000130,581800,581861
P000130,581863,582003
P000130,591520,591553
P000130,591555,591641
P000130,597742,597754
P000130,597756,597822
P000130,599768,599786
P000132,94,138
P000132,47367,47417
P000132,63599,63654
P000132,120678,120758
P000134,2181,2265
P000137,137,222
P000138,125,215
P000138,217,310
P000140,135,151
P000140,681,778
P000141,88,124
P000141,29966,30007
P000141,53410,53443
P000141,71042,71082
P000142,75,114
P000143,130,237
P000145,63,80
P000148,104,116
P000148,118,180
P000148,2621,2634
P000148,4565,4578
P000148,5220,5232
P000148,6551,6562
P000148,9122,9135
P000148,12414,12427
P000148,14003,14017
P000148,16075,16087
P000148,20076,20088
P000149,141,153
P000149,154,189
P000149,5378,5433
P000149,6988,7019
P000149,11695,11740
P000149,16126,16182
P000149,17265,17292
P000149,18570,18617
P000149,20718,20761
P000149,22496,22547
P000149,24338,24376
P000149,25615,25654
P000149,26829,26861
P000149,28326,28415
P000149,30603,30646
P000149,31046,31118
P000149,31966,32005
P000149,32219,32325
P000149,37127,37181
P000149,41564,41597
P000149,42319,42377
P000149,44021,44087
P000149,46557,46609
P000149,61368,61455
P000149,63862,63981
P000149,123872,123948
P000149,129071,129178
P000150,80,126
P000150,128,177
P000152,203,220
P000152,4840,4954
P000152,37736,37888
P000158,166,280
P000159,278,295
P000159,4914,5028
P000159,489988,490095
P000160,204,221
P000160,4770,4884
P000160,37675,37739
P000160,37741,37859
P000160,345049,345110
P000160,345112,345190
P000160,395528,395625
P000160,433538,433627
P000160,477957,478020
P000160,501599,501658
P000160,501660,501756
P000160,782989,783011
P000160,800777,800863
P000160,817009,817067
P000160,821899,821949
P000160,825668,825729
P000160,827673,827748
P000160,830892,830935
P000160,831623,831667
P000160,832396,832430
P000160,833920,833981
P000160,838180,838263
P000160,842670,842773
P000160,846010,846067
P000160,853625,853677
P000160,859699,859756
P000160,861146,861202
P000160,864397,864470
P000160,866079,866206
P000160,871380,871445
P000162,502,519
P000163,176,299
P000169,134,211
P000169,213,318
P000171,192,209
P000171,4828,4942
P000171,40453,40524
P000171,46115,46211
P000171,48132,48221
P000171,55123,55172
P000171,59580,59631
P000171,64544,64644
P000171,73661,73768
P000171,78861,78921
P000171,81359,81467
P000171,100107,100160
P000171,103150,103192
P000171,110322,110371
P000171,117093,117141
P000171,119392,119467
P000171,125286,125386
P000171,130520,130592
P000171,134540,134623
P000171,141016,141069
P000171,143939,143988
P000171,145823,145919
P000171,157774,157815
P000171,159139,159232
P000171,161291,161359
P000171,173816,173863
P000171,177211,177251
P000171,181129,181172
P000171,187695,187742
P000171,191167,191208
P000171,198468,198537
P000171,202853,202979
P000171,208398,208506
P000171,208508,208617
P000171,250058,250134
P000171,251131,251217
P000171,257740,257808
P000171,260303,260386
P000171,270908,270963
P000171,272690,272734
P000171,276396,276493
P000171,282462,282517
P000171,286347,286402
P000171,289681,289754
P000171,291161,291269
P000171,299307,299332
P000171,304087,304235
P000171,346303,346399
P000171,348550,348682
P000171,361624,361657
P000171,362303,362409
P000171,411177,411226
P000171,411960,412020
P000171,412997,413058
P000171,414064,414123
P000171,415175,415230
P000171,416036,416088
P000171,416900,416953
P000171,418510,418572
P000171,428123,428176
P000171,435112,435148
P000171,436628,436685
P000171,438469,438583
P000171,468322,468343
P000171,468748,468820
P000171,470158,470285
P000171,484522,484578
P000171,484580,484670
P000171,520729,520831
P000171,545421,545562
P000171,580448,580541
P000171,616629,616711
P000171,621362,621404
P000171,641572,641632
P000171,648770,648816
P000171,655480,655523
P000171,657930,657984
P000171,659570,659664
P000171,661791,661853
P000171,694319,694382
P000171,698458,698499
P000171,708058,708129
P000171,711380,711422
P000171,712927,712966
P000171,716981,717044
P000171,721658,721727
P000171,726117,726131
P000171,728431,728513
P000171,730536,730570
P000171,731993,732027
P000171,735282,735327
P000171,737228,737293
P000171,740955,740994
P000171,743190,743248
P000171,748818,748896
P000171,751892,751954
P000171,753375,753426
P000171,757990,758047
P000171,759235,759279
P000171,764219,764267
P000171,764972,765022
P000171,766214,766248
P000171,767042,767076
P000171,768451,768486
P000171,777261,777306
P000171,777857,777958
P000171,781454,781478
P000171,781853,781913
P000171,787054,787109
P000171,791555,791611
P000171,793206,793278
P000171,795785,795864
P000171,799298,799378
P000171,800976,801003
P000171,810287,810322
P000171,811842,811920
P000171,822437,822465
P000171,823684,823785
P000171,847420,847451
P000171,850446,850540
P000171,890372,890445
P000171,899364,899464
P000171,913413,913476
P000171,917701,917719
P000171,924421,924472
P000171,926641,926711
P000171,930907,930916
P000172,5632,5668
P000173,136,248
P000177,496,531
P000178,2422,2479
P000182,105,213
P000183,56264,56379
P000183,190108,190232
P000188,152,169
P000188,1724,1799
P000188,28544,28592
P000188,34947,35026
P000188,51008,51076
P000188,69824,69918
P000188,84505,84531
P000188,88923,88995
P000188,92089,92183
P000188,129360,129463
P000188,150157,150245
P000188,167287,167387
P000188,183760,183817
P000188,187977,188024
P000188,195694,195743
P000188,208022,208167
P000192,154664,154718
P000194,158,282
P000195,3822,3974
P000195,20071,20218
P000195,234168,234254
P000198,106,125
P000198,1020,1142
P000198,70003,70141
P000198,90279,90322
P000198,247836,247917
P000198,257620,257747
P000198,327556,327634
P000198,362849,362999
P000198,378762,378910
P000198,389537,389679
P000198,471283,471365
P000198,478647,478742
P000198,486761,486869
P000198,490786,490934
P000198,498999,499066
P000198,504514,504672
P000198,524089,524203
P000198,555115,555201
P000198,575708,575814
P000198,602089,602208
P000198,637434,637474
P000200,71,77
P000200,738,787
P000200,2983,3056
P000200,119425,119496
P000200,121707,121773
P000201,67,152
P000201,3121,3184
P000202,102,177
P000203,87,134
P000203,60415,60465
P000203,95826,95878
P000203,143524,143577
P000204,3871,3965
P000204,11906,11926
P000204,18166,18196
P000204,25325,25348
P000204,34731,34756
P000204,38011,38041
P000204,51757,51784
P000204,66703,66722
P000204,80134,80161
P000204,83182,83213
P000204,88686,88722
P000204,95409,95438
P000204,97660,97701
P000204,103102,103127
P000204,104778,104798
P000204,105741,105793
P000204,108951,109017
P000204,112487,112550
P000204,115470,115499
P000204,118339,118384
P000204,120444,120468
P000204,121145,121171
P000204,124696,124711
P000204,125055,125086
P000204,129447,129476
P000204,131492,131578
P000204,140572,140657
P000204,147251,147339
P000204,154090,154210
P000204,162084,162123
P000204,164505,164553
P000204,167383,167425
P000204,170061,170107
P000204,173524,173558
P000204,178473,178516
P000204,181371,181415
P000204,185515,185563
P000204,187676,187759
P000204,193330,193447
P000204,197488,197612
P000204,205082,205116
P000204,206854,206877
P000204,212020,212061
P000204,213882,213934
P000204,217004,217065
P000204,219499,219549
P000204,221640,221692
P000204,225131,225163
P000204,227529,227571
P000204,228742,228787
P000204,234276,234325
P000204,236067,236099
P000204,238615,238662
P000204,239890,239952
P000204,240512,240556
P000204,241790,241826
P000204,242658,242717
P000204,243792,243824
P000204,248009,248060
P000204,252635,252687
P000204,257460,257507
P000204,258931,258959
P000204,259917,259946
P000204,260799,260844
P000204,261504,261546
P000204,262882,262931
P000204,263824,263852
P000204,264500,264546
P000204,265970,266012
P000204,266837,266884
P000204,270085,270138
P000204,271846,271893
P000204,273738,273784
P000204,275488,275529
P000204,277315,277356
P000204,279295,279319
P000204,281043,281066
P000204,281483,281508
P000204,281751,281788
P000204,287686,287713
P000204,290647,290686
P000204,292322,292350
P000204,293589,293623
P000205,148,166
P000205,2484,2519
P000205,11549,11583
P000205,76515,76555
P000205,152438,152465
P000205,159645,159672
P000205,189795,189827
P000205,272427,272451
P000205,329602,329623
P000205,453320,453350
P000205,575853,575864
P000205,578457,578529
P000205,581238,581290
P000205,584623,584639
P000206,12451,12546
P000207,544,615
P000207,44592,44629
P000207,133437,133473
P000207,182565,182614
P000211,52,149
P000211,1425,1473
P000211,22319,22379
P000211,25021,25054
P000211,33114,33140
P000211,47971,48011
P000211,65129,65170
P000211,73185,73248
P000211,73813,73855
P000211,89947,89987
P000211,104084,104126
P000211,115027,115071
P000211,128848,128893
P000211,138617,138659
P000211,150040,150098
P000211,155898,155946
P000211,160897,160945
P000211,167819,167880
P000211,170313,170332
P000211,186314,186375
P000213,125,179
P000213,181,273
P000215,73,90
P000215,5969,6016
P000215,8874,8897
P000215,13548,13610
P000215,14820,14897
P000215,91367,91433
P000215,159724,159789
P000216,139,250
P000217,132,149
P000217,4158,4212
P000217,11282,11336
P000217,16865,16938
P000217,34788,34855
P000218,86,104
P000218,13593,13619
P000218,15048,15065
P000218,20663,20688
P000218,68671,68724
P000218,96631,96659
P000218,145342,145362
P000218,163090,163137
P000218,182380,182412
P000218,186449,186516
P000218,324764,324835
P000218,388065,388124
P000218,435952,436092
P000218,475578,475650
P000218,720840,720856
P000220,215,363
P000220,365,522
P000220,524,534
P000220,33218,33229
P000220,75134,75145
P000220,98526,98540
P000220,132520,132535
P000220,213050,213067
P000220,248719,248736
P000220,295238,295256
P000220,338121,338137
P000220,353052,353068
P000223,176,300
P000224,496,557
P000224,217393,217445
P000224,332769,332813
P000224,496867,496911
P000227,77,141
P000227,2476,2574
P000227,31616,31700
P000227,339044,339129
P000227,359570,359620
P000227,370940,370987
P000227,386650,386706
P000227,436891,436976
P000230,216,398
P000232,140,228
P000235,4015,4053
P000236,163,179
P000236,6420,6543
P000236,7484,7515
P000236,10586,10635
P000236,25088,25152
P000236,50758,50839
P000236,134606,134642
P000236,167034,167071
P000236,178643,178671
P000236,187321,187362
P000236,192946,192996
P000236,203920,203981
P000236,275288,275325
P000236,282390,282448
P000236,286785,286813
P000236,302203,302232
P000236,310931,310991
P000236,335525,335571
P000236,337723,337773
P000236,383046,383088
P000236,387831,387863
P000236,401751,401885
P000237,73,90
P000238,205,341
P000238,343,456
P000238,458,594
P000238,596,708
P000238,710,826
P000240,263,328
P000240,9598,9683
P000240,65352,65424
P000240,75614,75670
P000240,102190,102329
P000240,110230,110317
P000240,122039,122170
P000240,327916,327984
P000240,347030,347080
P000240,354310,354404
P000240,385202,385246
P000240,399949,400021
P000240,412354,412416
P000240,558728,558756
P000240,570671,570770
P000240,583820,583893
P000240,583895,584011
P000245,78,90
P000245,98736,98749
P000245,144999,145012
P000245,180298,180310
P000245,211164,211175
P000245,230342,230355
P000245,238901,238914
P000245,245142,245156
P000245,247760,247772
P000245,269281,269293
P000245,272012,272029
P000245,312040,312057
P000245,329360,329377
P000245,349364,349380
P000245,355879,355894
P000245,382732,382745
P000245,390411,390428
P000245,393791,393809
P000245,397441,397457
P000245,432818,432832
P000245,435343,435360
P000245,438197,438219
P000245,441415,441423
P000245,442205,442221
P000246,122,138
P000246,4038,4119
P000248,151,246
P000252,124,223
P000253,119,152
P000253,598,614
P000253,2623,2650
P000253,3351,3377
P000253,4562,4650
P000253,31088,31172
P000253,47453,47543
P000253,69702,69876
P000253,73059,73074
P000254,78,95
P000255,150,246
P000259,104,189
P000260,115,195
P000261,152,251
P000263,170,203
P000263,4182,4372
P000263,10138,10215
P000263,76123,76243
P000265,178,290
P000265,292,412
P000265,2667,2695
P000265,7163,7183
P000265,9311,9348
P000265,15655,15683
P000265,17670,17698
P000265,21044,21075
P000265,23418,23452
P000265,29891,29924
P000265,88416,88455
P000265,102765,102800
P000265,158542,158581
P000265,228370,228396
P000266,16630,16688
P000270,183,316
P000270,318,462
P000275,187,239
P000275,868,1036
P000275,20317,20471
P000275,26209,26271
P000275,26273,26341
P000275,32016,32059
P000275,47873,47921
P000275,67145,67197
P000275,75303,75355
P000275,79533,79586
P000275,95567,95608
P000275,96850,96899
P000275,104948,104982
P000275,111394,111454
P000275,138617,138678
P000275,142089,142130
P000275,148144,148204
P000275,162802,162830
P000275,182485,182551
P000275,202952,203019
P000275,230713,230781
P000275,234416,234461
P000275,236692,236750
P000275,237818,237875
P000275,240626,240667
P000275,247177,247217
P000275,251386,251463
P000275,252298,252375
P000275,253215,253321
P000275,256979,257039
P000275,257542,257616
P000275,257923,258008
P000275,258426,258493
P000275,259010,259096
P000275,262249,262336
P000275,264551,264634
P000275,267146,267225
P000275,270568,270626
P000275,271913,271968
P000275,285069,285127
P000275,288182,288260
P000275,329544,329622
P000275,470022,470078
P000275,471010,471074
P000275,471878,471929
P000275,473794,473870
P000275,486091,486128
P000275,487690,487727
P000275,492246,492300
P000275,499046,499128
P000275,512281,512358
P000275,536780,536843
P000275,571343,571421
P000275,579451,579467
